5001,,https://merrittproducts.com/wp-content/uploads/2019/01/rolled1-300x127.png
317,https://www.ds-sewing.com/images/truck_acc_images/Cabguard2.jpg,https://merrittproducts.com/wp-content/uploads/2019/01/lsr_fs.png
318,https://www.ds-sewing.com/images/truck_acc_images/Cabguard2.jpg,https://merrittproducts.com/wp-content/uploads/2019/01/lsr_fs.png
319,https://www.ds-sewing.com/images/truck_acc_images/Cabguard2.jpg,https://merrittproducts.com/wp-content/uploads/2019/01/lsr_fs.png
320,https://www.ds-sewing.com/images/truck_acc_images/Cabguard2.jpg,https://merrittproducts.com/wp-content/uploads/2019/01/lsr_fs.png
321,https://www.ds-sewing.com/images/truck_acc_images/Cabguard2.jpg,https://merrittproducts.com/wp-content/uploads/2019/01/lsr_fs.png
322,https://www.ds-sewing.com/images/truck_acc_images/Cabguard2.jpg,https://merrittproducts.com/wp-content/uploads/2019/01/lsr_fs.png
324,https://merrittproducts.com/wp-content/uploads/2019/01/dyna-clamp-300x300.png,
325,https://merrittproducts.com/wp-content/uploads/2019/01/dyna-clamp-300x300.png,
323,https://merrittproducts.com/wp-content/uploads/2019/01/problem-solver-300x300.png,
326,https://merrittproducts.com/wp-content/uploads/2019/01/deluxkit-300x300.png,
327,https://merrittproducts.com/wp-content/uploads/2019/01/deluxkit-300x300.png,
142,https://merrittproducts.com/wp-content/uploads/2019/01/handle.png,
144,https://merrittproducts.com/wp-content/uploads/2019/01/topbracket.png,
145,https://www.merrittproducts.com/images/stories/m_lsr/lsr/145.jpg,
367,https://merrittproducts.com/wp-content/uploads/2019/01/367.png,
328,https://merrittproducts.com/wp-content/uploads/2019/01/328.png,
363,https://merrittproducts.com/wp-content/uploads/2019/01/363.png,
337,https://www.merrittproducts.com/images/stories/m_lsr/lsr/337.jpg,
336,https://merrittproducts.com/wp-content/uploads/2019/01/tray.png,
340,https://merrittproducts.com/wp-content/uploads/2019/01/340.png,
381,https://merrittproducts.com/wp-content/uploads/2019/01/381.png,
373,http://www.merrittproducts.com/images/stories/m_lsr/lsr/373.jpg,
375,https://merrittproducts.com/wp-content/uploads/2019/01/373.png,
380,http://www.merrittproducts.com/images/stories/m_lsr/lsr/381.jpg,
390,https://merrittproducts.com/wp-content/uploads/2019/01/390.png,
302,,https://merrittproducts.com/wp-content/uploads/2019/01/drom_1_pic1.png
346,,https://merrittproducts.com/wp-content/uploads/2019/01/drom_1_pic1.png
342,,https://merrittproducts.com/wp-content/uploads/2019/01/drom_1_pic1.png
303,,https://merrittproducts.com/wp-content/uploads/2019/01/drom_1_pic1.png
347,,https://merrittproducts.com/wp-content/uploads/2019/01/drom_1_pic1.png
343,,https://merrittproducts.com/wp-content/uploads/2019/01/drom_1_pic1.png
304,,https://merrittproducts.com/wp-content/uploads/2019/01/drom_1_pic1.png
348,,https://merrittproducts.com/wp-content/uploads/2019/01/drom_1_pic1.png
344,,https://merrittproducts.com/wp-content/uploads/2019/01/drom_1_pic1.png
305,,https://merrittproducts.com/wp-content/uploads/2019/01/drom_1_pic1.png
349,,https://merrittproducts.com/wp-content/uploads/2019/01/drom_1_pic1.png
345,,https://merrittproducts.com/wp-content/uploads/2019/01/drom_1_pic1.png
628,https://merrittproducts.com/wp-content/uploads/2019/01/628.png,https://merrittproducts.com/wp-content/uploads/2019/01/sf_1_pic1.png
605,https://merrittproducts.com/wp-content/uploads/2019/01/605.png,
810,http://www.merrittproducts.com/images/stories/m_lsr/lsr/810.jpg,
910,http://www.merrittproducts.com/images/stories/m_lsr/lsr/910.jpg,
850,http://www.merrittproducts.com/images/stories/m_lsr/lsr/850.jpg,
840,http://www.merrittproducts.com/images/stories/m_lsr/lsr/840.jpg,
940,http://www.merrittproducts.com/images/stories/m_lsr/lsr/840.jpg,
394,https://merrittproducts.com/wp-content/uploads/2019/01/dyna-clamp-300x300.png,
395,https://merrittproducts.com/wp-content/uploads/2019/01/dyna-clamp-300x300.png,
313,http://www.merrittproducts.com/images/stories/m_lsr/lsr/313.jpg,https://www.merrittproducts.com/images/stories/m_lsr/lsr/alcab_1_pic1.gif
203,https://merrittproducts.com/wp-content/uploads/2018/12/sm_single.png,
205,https://merrittproducts.com/wp-content/uploads/2018/12/sm_single.png,
207,https://merrittproducts.com/wp-content/uploads/2018/12/sm_single.png,
287,https://merrittproducts.com/wp-content/uploads/2018/12/PRODUCTS_sm_double.png,
209,https://merrittproducts.com/wp-content/uploads/2018/12/sm_single.png,
211,https://merrittproducts.com/wp-content/uploads/2018/12/PRODUCTS_sm_double.png,
289,https://merrittproducts.com/wp-content/uploads/2018/12/sm_single-300x300.png,
291,https://merrittproducts.com/wp-content/uploads/2018/12/PRODUCTS_sm_double.png,
293,https://merrittproducts.com/wp-content/uploads/2018/12/sm_single.png,
295,https://merrittproducts.com/wp-content/uploads/2018/12/PRODUCTS_sm_double.png,
297,https://merrittproducts.com/wp-content/uploads/2018/12/sm_single.png,
299,https://merrittproducts.com/wp-content/uploads/2018/12/PRODUCTS_sm_double.png,
213,https://merrittproducts.com/wp-content/uploads/2018/12/sm_single.png,
215,https://merrittproducts.com/wp-content/uploads/2018/12/sm_single.png,
217,https://merrittproducts.com/wp-content/uploads/2018/12/sm_single.png,
235,https://merrittproducts.com/wp-content/uploads/2018/12/PRODUCTS_sm_double.png,
219,https://merrittproducts.com/wp-content/uploads/2018/12/sm_single.png,
221,https://merrittproducts.com/wp-content/uploads/2018/12/PRODUCTS_sm_double.png,
223,https://merrittproducts.com/wp-content/uploads/2018/12/sm_single.png,https://merrittproducts.com/wp-content/uploads/2018/12/dia_single.png
225,https://merrittproducts.com/wp-content/uploads/2018/12/PRODUCTS_sm_double.png,
204,https://merrittproducts.com/wp-content/uploads/2018/12/dia_double.png,
206,https://merrittproducts.com/wp-content/uploads/2018/12/dia_double.png,
208,https://merrittproducts.com/wp-content/uploads/2018/12/dia_double.png,
288,https://merrittproducts.com/wp-content/uploads/2018/12/dia_single.png,
210,https://merrittproducts.com/wp-content/uploads/2018/12/dia_double.png,
212,https://merrittproducts.com/wp-content/uploads/2018/12/dia_single.png,
290,https://merrittproducts.com/wp-content/uploads/2018/12/dia_double.png,
292,https://merrittproducts.com/wp-content/uploads/2018/12/dia_single.png,
294,https://merrittproducts.com/wp-content/uploads/2018/12/dia_double.png,
296,https://merrittproducts.com/wp-content/uploads/2018/12/dia_single.png,
298,https://merrittproducts.com/wp-content/uploads/2018/12/dia_double.png,
300,https://merrittproducts.com/wp-content/uploads/2018/12/dia_single.png,
214,https://merrittproducts.com/wp-content/uploads/2018/12/dia_double.png,
216,https://merrittproducts.com/wp-content/uploads/2018/12/dia_double.png,
218,https://merrittproducts.com/wp-content/uploads/2018/12/dia_double.png,
236,https://merrittproducts.com/wp-content/uploads/2018/12/dia_single.png,
220,https://merrittproducts.com/wp-content/uploads/2018/12/dia_double.png,
222,https://merrittproducts.com/wp-content/uploads/2018/12/dia_single.png,https://merrittproducts.com/wp-content/uploads/2018/12/dia_single.png
224,https://merrittproducts.com/wp-content/uploads/2018/12/dia_double.png,
226,https://merrittproducts.com/wp-content/uploads/2018/12/dia_single.png,
117,,https://merrittproducts.com/wp-content/uploads/2018/12/PRODUCTS_altool_mounta.png
118,,https://merrittproducts.com/wp-content/uploads/2018/12/PRODUCTS_altool_mounta-400x282.png
450,,https://merrittproducts.com/wp-content/uploads/2019/01/alstor-saddle2a-300x273.png
452,https://merrittproducts.com/wp-content/uploads/2019/01/saddle-12.png,https://merrittproducts.com/wp-content/uploads/2019/01/alstor-saddle2a-300x273.png
460,,https://merrittproducts.com/wp-content/uploads/2019/01/alstor-saddle2a-300x273.png
462,,https://merrittproducts.com/wp-content/uploads/2019/01/alstor-saddle2a-300x273.png
470,,https://merrittproducts.com/wp-content/uploads/2019/01/alstor-saddle1a-287x300.png
472,https://merrittproducts.com/wp-content/uploads/2019/01/saddle-24-1.png,https://merrittproducts.com/wp-content/uploads/2019/01/alstor-saddle1a-287x300.png
480,,https://merrittproducts.com/wp-content/uploads/2019/01/alstor-saddle1a-287x300.png
482,https://merrittproducts.com/wp-content/uploads/2019/01/saddle-24-1.png,https://merrittproducts.com/wp-content/uploads/2019/01/alstor-saddle1a-287x300.png
451,,https://merrittproducts.com/wp-content/uploads/2019/01/alstor-saddle2a-300x273.png
453,,https://merrittproducts.com/wp-content/uploads/2019/01/alstor-saddle2a-300x273.png
461,https://merrittproducts.com/wp-content/uploads/2019/01/saddle-18-300x300.png,https://merrittproducts.com/wp-content/uploads/2019/01/alstor-saddle1a-287x300.png
463,,https://merrittproducts.com/wp-content/uploads/2019/01/alstor-saddle1a-287x300.png
471,,https://merrittproducts.com/wp-content/uploads/2019/01/alstor-saddle1a-287x300.png
473,,https://merrittproducts.com/wp-content/uploads/2019/01/alstor-saddle1a-287x300.png
481,,https://merrittproducts.com/wp-content/uploads/2019/01/alstor-saddle1a-287x300.png
483,,https://merrittproducts.com/wp-content/uploads/2019/01/alstor-saddle1a-287x300.png
485-1,,https://merrittproducts.com/wp-content/uploads/2019/01/alstor-saddle4a-263x300.png
485-2,,https://merrittproducts.com/wp-content/uploads/2019/01/alstor-saddle4a-263x300.png
485-3,,https://merrittproducts.com/wp-content/uploads/2019/01/alstor-saddle4a-263x300.png
485-4,,https://merrittproducts.com/wp-content/uploads/2019/01/alstor-saddle4a-263x300.png
486-1,,https://merrittproducts.com/wp-content/uploads/2019/01/alstor-saddle3a-296x300.png
486-2,,https://merrittproducts.com/wp-content/uploads/2019/01/alstor-saddle3a-296x300.png
486-3,,https://merrittproducts.com/wp-content/uploads/2019/01/alstor-saddle3a-296x300.png
486-4,,https://merrittproducts.com/wp-content/uploads/2019/01/alstor-saddle3a-296x300.png
254,https://merrittproducts.com/wp-content/uploads/2019/01/faringbox.png,https://merrittproducts.com/wp-content/uploads/2019/01/storacc_f_box-275x300.png
255,https://merrittproducts.com/wp-content/uploads/2019/01/faringbox.png,https://merrittproducts.com/wp-content/uploads/2019/01/storacc_f_box-275x300.png
256,https://merrittproducts.com/wp-content/uploads/2019/01/faringbox.png,https://merrittproducts.com/wp-content/uploads/2019/01/storacc_f_box-275x300.png
229,https://merrittproducts.com/wp-content/uploads/2019/01/saddle-logger.png,https://merrittproducts.com/wp-content/uploads/2019/01/alstor-loggera-300x237.png
253,https://merrittproducts.com/wp-content/uploads/2019/01/saddle-between.png,https://merrittproducts.com/wp-content/uploads/2019/01/alstor-betweena-300x219.png
166,https://merrittproducts.com/wp-content/uploads/2019/01/diamondplate-1-300x188.png,
167,https://merrittproducts.com/wp-content/uploads/2019/01/diamondplate-1-300x188.png,
432,https://merrittproducts.com/wp-content/uploads/2019/01/topmount-300x300.png,
433,https://merrittproducts.com/wp-content/uploads/2019/01/topmount-300x300.png,
434,https://merrittproducts.com/wp-content/uploads/2019/01/topmount-300x300.png,
435,https://merrittproducts.com/wp-content/uploads/2019/01/topmount-300x300.png,
442,https://merrittproducts.com/wp-content/uploads/2019/01/flushmount-300x300.png,
443,https://merrittproducts.com/wp-content/uploads/2019/01/flushmount-300x300.png,
182,https://merrittproducts.com/wp-content/uploads/2019/01/framesteps.png,https://merrittproducts.com/wp-content/uploads/2019/01/storacc_frame_step-300x300.png
362,https://merrittproducts.com/wp-content/uploads/2019/01/framesteps.png,https://merrittproducts.com/wp-content/uploads/2019/01/storacc_frame_step-300x300.png
384,https://merrittproducts.com/wp-content/uploads/2019/01/tirechaincarrier-300x300.png,https://merrittproducts.com/wp-content/uploads/2019/01/storacc_tire_ch_carrier-300x103.png
233,https://merrittproducts.com/wp-content/uploads/2019/01/tirechaincarrier.png,https://merrittproducts.com/wp-content/uploads/2019/01/storacc_tire_ch_carrier-300x103.png
163,,https://merrittproducts.com/wp-content/uploads/2019/01/storacc_tire_carrier-236x300.png
5011,,https://merrittproducts.com/wp-content/uploads/2019/01/rolled1-300x127.png
5021,,https://merrittproducts.com/wp-content/uploads/2019/01/rolled1-300x127.png
5031,,https://merrittproducts.com/wp-content/uploads/2019/01/rolled1-300x127.png
5041,,https://merrittproducts.com/wp-content/uploads/2019/01/rolled1-300x127.png
5002,,https://merrittproducts.com/wp-content/uploads/2019/01/rolled2-300x136.png
5012,,https://merrittproducts.com/wp-content/uploads/2019/01/rolled2-300x136.png
5022,,https://merrittproducts.com/wp-content/uploads/2019/01/rolled2-300x136.png
5032,,https://merrittproducts.com/wp-content/uploads/2019/01/rolled2-300x136.png
5042,,https://merrittproducts.com/wp-content/uploads/2019/01/rolled2-300x136.png
5003,,https://merrittproducts.com/wp-content/uploads/2019/01/rolled3-300x143.png
5013,,https://merrittproducts.com/wp-content/uploads/2019/01/rolled3-300x143.png
5023,,https://merrittproducts.com/wp-content/uploads/2019/01/rolled3-300x143.png
5033,,https://merrittproducts.com/wp-content/uploads/2019/01/rolled3-300x143.png
5043,,https://merrittproducts.com/wp-content/uploads/2019/01/rolled3-300x143.png
5000,,https://merrittproducts.com/wp-content/uploads/2019/01/rolled6-300x152.png
5010,,https://merrittproducts.com/wp-content/uploads/2019/01/rolled6-300x152.png
5020,,https://merrittproducts.com/wp-content/uploads/2019/01/rolled6-300x152.png
5030,,https://merrittproducts.com/wp-content/uploads/2019/01/rolled6-300x152.png
5040,,https://merrittproducts.com/wp-content/uploads/2019/01/rolled6-300x152.png
5004,,https://merrittproducts.com/wp-content/uploads/2019/01/rolled7-300x254.png
5014,,https://merrittproducts.com/wp-content/uploads/2019/01/rolled7-300x254.png
5024,,https://merrittproducts.com/wp-content/uploads/2019/01/rolled7-300x254.png
5034,,https://merrittproducts.com/wp-content/uploads/2019/01/rolled7-300x254.png
5044,,https://merrittproducts.com/wp-content/uploads/2019/01/rolled7-300x254.png
5005,,https://merrittproducts.com/wp-content/uploads/2019/01/rolled7-300x254.png
5037,,https://merrittproducts.com/wp-content/uploads/2019/01/rolled4-300x238.png
5035,,https://merrittproducts.com/wp-content/uploads/2019/01/rolled5-300x258.png
5025,,https://merrittproducts.com/wp-content/uploads/2019/01/rolled9-300x173.png
5026,,https://merrittproducts.com/wp-content/uploads/2019/01/rolled9-300x173.png
5027,,https://merrittproducts.com/wp-content/uploads/2019/01/rolled9-300x173.png
5028,,https://merrittproducts.com/wp-content/uploads/2019/01/rolled9-300x173.png
5029,,https://merrittproducts.com/wp-content/uploads/2019/01/rolled9-300x173.png
179,https://merrittproducts.com/wp-content/uploads/2019/01/alfend_pic1.png,
180,https://merrittproducts.com/wp-content/uploads/2019/01/alfend_pic1.png,
177,https://merrittproducts.com/wp-content/uploads/2019/01/alfend_pic1.png,
567,https://merrittproducts.com/wp-content/uploads/2019/01/adjustable_pic1-1-300x214.png,https://merrittproducts.com/wp-content/uploads/2019/01/adjustable1.png
568,https://merrittproducts.com/wp-content/uploads/2019/01/adjustable_pic1-1-300x214.png,https://merrittproducts.com/wp-content/uploads/2019/01/adjustable1.png
569,https://merrittproducts.com/wp-content/uploads/2019/01/adjustable_pic1-1-300x214.png,https://merrittproducts.com/wp-content/uploads/2019/01/adjustable1.png
574,https://merrittproducts.com/wp-content/uploads/2019/01/post1-300x300.png,https://merrittproducts.com/wp-content/uploads/2019/01/ezfend5-300x88.png
575,https://merrittproducts.com/wp-content/uploads/2019/01/stright2.png,https://merrittproducts.com/wp-content/uploads/2019/01/ezfend6-300x80.png
576,https://merrittproducts.com/wp-content/uploads/2019/01/stright1.png,https://merrittproducts.com/wp-content/uploads/2019/01/ezfend6-300x80.png
436,https://merrittproducts.com/wp-content/uploads/2019/01/topmount-300x300.png,
3630,https://merrittproducts.com/wp-content/uploads/2019/01/def-no-louver-300x300.png,https://merrittproducts.com/wp-content/uploads/2019/01/m_def_box1-300x189.png
3631,https://merrittproducts.com/wp-content/uploads/2019/02/def-louver-300x209.png,https://merrittproducts.com/wp-content/uploads/2019/01/m_def_box1-300x189.png
621,https://merrittproducts.com/wp-content/uploads/2019/01/image1.png,https://merrittproducts.com/wp-content/uploads/2019/01/ez-pic1.png
620,https://merrittproducts.com/wp-content/uploads/2019/01/image1.png,https://merrittproducts.com/wp-content/uploads/2019/01/ez-pic1.png
3953,https://merrittproducts.com/wp-content/uploads/2019/01/mount_bracket1.png,
478,,https://merrittproducts.com/wp-content/uploads/2019/01/alstor-saddle1a-287x300.png
488,,https://merrittproducts.com/wp-content/uploads/2019/01/alstor-saddle1a-287x300.png
477,,https://merrittproducts.com/wp-content/uploads/2019/01/alstor-saddle1a-287x300.png
487,,https://merrittproducts.com/wp-content/uploads/2019/01/alstor-saddle1a-287x300.png
3172,https://merrittproducts.com/wp-content/uploads/2019/01/offset.png,
3182,https://merrittproducts.com/wp-content/uploads/2019/01/offset.png,
3192,https://merrittproducts.com/wp-content/uploads/2019/01/offset.png,
3202,https://merrittproducts.com/wp-content/uploads/2019/01/offset.png,
3212,https://merrittproducts.com/wp-content/uploads/2019/01/offset.png,
3222,https://merrittproducts.com/wp-content/uploads/2019/01/offset.png,
145-1,https://merrittproducts.com/wp-content/uploads/2019/01/145-1024x432.png,
369,https://merrittproducts.com/wp-content/uploads/2019/01/369.png,
386,https://merrittproducts.com/wp-content/uploads/2019/01/grids.png,
5036,,https://merrittproducts.com/wp-content/uploads/2019/01/rolled5-300x258.png
5070-2,https://merrittproducts.com/wp-content/uploads/2019/02/qfend_stainless-300x300.png,https://merrittproducts.com/wp-content/uploads/2019/01/qfend1-300x263.png
5072-2,https://merrittproducts.com/wp-content/uploads/2019/02/qfend_stainless-300x300.png,https://merrittproducts.com/wp-content/uploads/2019/01/qfend2-300x295.png
5074-2,https://merrittproducts.com/wp-content/uploads/2019/02/qfend_stainless-300x300.png,https://merrittproducts.com/wp-content/uploads/2019/01/qfend3-295x300.png
5080-2,https://merrittproducts.com/wp-content/uploads/2019/02/qfend_stainless-300x300.png,https://merrittproducts.com/wp-content/uploads/2019/01/qfend4-300x263.png
5082-2,https://merrittproducts.com/wp-content/uploads/2019/02/qfend_stainless-300x300.png,https://merrittproducts.com/wp-content/uploads/2019/01/qfend5-300x295.png
5084-2,https://merrittproducts.com/wp-content/uploads/2019/02/qfend_stainless-300x300.png,https://merrittproducts.com/wp-content/uploads/2019/01/qfend6-295x300.png
5060-2,https://merrittproducts.com/wp-content/uploads/2019/01/qfend_black-300x300.png,https://merrittproducts.com/wp-content/uploads/2019/01/qfend_black-300x300.png
3924,http://www.merrittproducts.com/images/stories/m_bawer_box/options/stainless_single.jpg,
3925,http://www.merrittproducts.com/images/stories/m_bawer_box/options/stainless_single.jpg,
3926,http://www.merrittproducts.com/images/stories/m_bawer_box/options/stainless_single.jpg,
3927,http://www.merrittproducts.com/images/stories/m_bawer_box/options/stainless_single.jpg,
3928,http://www.merrittproducts.com/images/stories/m_bawer_box/options/stainless_single.jpg,
3930,http://www.merrittproducts.com/images/stories/m_bawer_box/options/stainless_single.jpg,
3932,http://www.merrittproducts.com/images/stories/m_bawer_box/options/stainless_single.jpg,
3933,http://www.merrittproducts.com/images/stories/m_bawer_box/options/stainless_single.jpg,
3934,http://merrittproducts.com/images/stories/m_bawer_box/options/stainless_dbl.jpg,
3943,http://merrittproducts.com/images/stories/m_bawer_box/options/stainless_single.jpg,
5167-2,https://merrittproducts.com/wp-content/uploads/2019/01/prod_ap1.png,https://merrittproducts.com/wp-content/uploads/2019/01/pic3-300x185.jpg
5168-2,https://merrittproducts.com/wp-content/uploads/2019/01/ez_head_bracket-LG-600x549.png,https://merrittproducts.com/wp-content/uploads/2019/01/pic2-300x218.jpg
579-2,https://merrittproducts.com/wp-content/uploads/2019/01/ezfend_mount-400x400.png,https://merrittproducts.com/wp-content/uploads/2019/01/drawing1-300x119.png
573,https://merrittproducts.com/wp-content/uploads/2019/01/post2-300x300.png,https://merrittproducts.com/wp-content/uploads/2019/01/ezfend4-300x145.png
5340-2,https://merrittproducts.com/wp-content/uploads/2019/01/5340-1-300x300.png,https://merrittproducts.com/wp-content/uploads/2019/01/5340-300x143.png
5343-2,https://merrittproducts.com/wp-content/uploads/2019/01/5345.png,https://merrittproducts.com/wp-content/uploads/2019/01/5343-300x143.png
5344-2,https://merrittproducts.com/wp-content/uploads/2019/01/5344-300x143.png,
490,https://merrittproducts.com/wp-content/uploads/2019/01/490-photo.png,
491,https://merrittproducts.com/wp-content/uploads/2019/01/491-photo.png,
492,https://merrittproducts.com/wp-content/uploads/2019/01/cab_pass-1.png,https://merrittproducts.com/wp-content/uploads/2019/01/cab492a.png
493,,https://merrittproducts.com/wp-content/uploads/2019/01/cab493a.png
494,,https://merrittproducts.com/wp-content/uploads/2019/01/cab494a.png
3901,http://www.merrittproducts.com/images/stories/m_bawer_box/options/stainless_black.jpg,
3903,http://www.merrittproducts.com/images/stories/m_bawer_box/options/stainless_black.jpg,
3902,http://www.merrittproducts.com/images/stories/m_bawer_box/options/stainless_black.jpg,
3904B,http://www.merrittproducts.com/images/stories/m_bawer_box/options/stainless_black.jpg,
3907B,http://www.merrittproducts.com/images/stories/m_bawer_box/options/stainless_black.jpg,
3909,http://www.merrittproducts.com/images/stories/m_bawer_box/options/stainless_black.jpg,
3910,http://www.merrittproducts.com/images/stories/m_bawer_box/options/stainless_black.jpg,
3911,http://www.merrittproducts.com/images/stories/m_bawer_box/options/stainless_black.jpg,
3913,http://www.merrittproducts.com/images/stories/m_bawer_box/options/stainless_black.jpg,
3915,http://www.merrittproducts.com/images/stories/m_bawer_box/options/stainless_black.jpg,
3916,http://www.merrittproducts.com/images/stories/m_bawer_box/options/stainless_black.jpg,
3917,http://www.merrittproducts.com/images/stories/m_bawer_box/options/stainless_black.jpg,
3935,http://merrittproducts.com/images/stories/m_bawer_box/options/stainless_single.jpg,
3936,http://merrittproducts.com/images/stories/m_bawer_box/options/stainless_dbl.jpg,
3938,http://merrittproducts.com/images/stories/m_bawer_box/options/stainless_single.jpg,
3940,http://merrittproducts.com/images/stories/m_bawer_box/options/stainless_single.jpg,
3941,http://merrittproducts.com/images/stories/m_bawer_box/options/stainless_single.jpg,
3942,http://merrittproducts.com/images/stories/m_bawer_box/options/stainless_dbl.jpg,
3944,http://merrittproducts.com/images/stories/m_bawer_box/options/stainless_dbl.jpg,
3945,http://www.merrittproducts.com/images/stories/m_bawer_box/options/stainless_step.jpg,
3947,http://www.merrittproducts.com/images/stories/m_bawer_box/options/stainless_step.jpg,
3949,http://www.merrittproducts.com/images/stories/m_bawer_box/options/stainless_step.jpg,
3951,http://www.merrittproducts.com/images/stories/m_bawer_box/options/stainless_step.jpg,
258,https://merrittproducts.com/wp-content/uploads/2019/01/258-photo.png,https://merrittproducts.com/wp-content/uploads/2019/01/258.png
3503,https://merrittproducts.com/wp-content/uploads/2019/01/3503-1.png,https://merrittproducts.com/wp-content/uploads/2019/01/3503-275x300.png
3504,,https://merrittproducts.com/wp-content/uploads/2019/01/3504-275x300.png
5203,,https://merrittproducts.com/wp-content/uploads/2019/01/deepdrop2-300x300.png
5213,,https://merrittproducts.com/wp-content/uploads/2019/01/deepdrop2-300x300.png
5223,,https://merrittproducts.com/wp-content/uploads/2019/01/deepdrop2-300x300.png
5233,,https://merrittproducts.com/wp-content/uploads/2019/01/deepdrop2-300x300.png
5243,,https://merrittproducts.com/wp-content/uploads/2019/01/deepdrop2-300x300.png
5200,,https://merrittproducts.com/wp-content/uploads/2019/01/deepdrop3-300x165.png
5210,,https://merrittproducts.com/wp-content/uploads/2019/01/deepdrop3-300x165.png
5220,,https://merrittproducts.com/wp-content/uploads/2019/01/deepdrop3-300x165.png
5230,,https://merrittproducts.com/wp-content/uploads/2019/01/deepdrop3-300x165.png
5201,,https://merrittproducts.com/wp-content/uploads/2019/01/deepdrop4-300x165.png
5211,,https://merrittproducts.com/wp-content/uploads/2019/01/deepdrop4-300x165.png
5221,,https://merrittproducts.com/wp-content/uploads/2019/01/deepdrop4-300x165.png
5231,,https://merrittproducts.com/wp-content/uploads/2019/01/deepdrop4-300x165.png
5241,,https://merrittproducts.com/wp-content/uploads/2019/01/deepdrop4-300x165.png
5204,,https://merrittproducts.com/wp-content/uploads/2019/01/deepdrop5-300x223.png
5214,,https://merrittproducts.com/wp-content/uploads/2019/01/deepdrop5-300x223.png
5224,,https://merrittproducts.com/wp-content/uploads/2019/01/deepdrop5-300x223.png
5234,,https://merrittproducts.com/wp-content/uploads/2019/01/deepdrop5-300x223.png
5244,,https://merrittproducts.com/wp-content/uploads/2019/01/deepdrop5-300x223.png
156,https://merrittproducts.com/wp-content/uploads/2019/01/diamondplate-1-300x188.png,
157,https://merrittproducts.com/wp-content/uploads/2019/01/diamondplate-1-300x188.png,
158,https://merrittproducts.com/wp-content/uploads/2019/01/diamondplate-1-300x188.png,
159,https://merrittproducts.com/wp-content/uploads/2019/01/diamondplate-1-300x188.png,
444,https://merrittproducts.com/wp-content/uploads/2019/01/flushmount-300x300.png,
445,https://merrittproducts.com/wp-content/uploads/2019/01/flushmount-300x300.png,
430,https://merrittproducts.com/wp-content/uploads/2019/01/topmount-300x300.png,
440,https://merrittproducts.com/wp-content/uploads/2019/01/flushmount-300x300.png,
3000,https://merrittproducts.com/wp-content/uploads/2019/01/framesteps.png,https://merrittproducts.com/wp-content/uploads/2019/01/storacc_frame_step-300x300.png
202,https://merrittproducts.com/wp-content/uploads/2018/12/dia_double.png,
3920,http://merrittproducts.com/images/stories/m_bawer_box/options/stainless_bp.jpg,
3921,http://merrittproducts.com/images/stories/m_bawer_box/options/stainless_bp.jpg,
3922,http://merrittproducts.com/images/stories/m_bawer_box/options/stainless_bp.jpg,
3923,http://www.merrittproducts.com/images/stories/m_bawer_box/options/stainless_single.jpg,
3400,https://merrittproducts.com/wp-content/uploads/2019/01/smoothcabnit-s.png,
3401,https://merrittproducts.com/wp-content/uploads/2019/01/smoothcabnit-s.png,
3402,https://merrittproducts.com/wp-content/uploads/2019/01/recessedjail-s.png,
822850,,https://www.merrittproducts.com/images/stories/m_lsr/lsr/bhead_22.gif
922850,,https://www.merrittproducts.com/images/stories/m_lsr/lsr/bhead_22.gif
3522,,https://merrittproducts.com/wp-content/uploads/2019/01/3552-275x300.png
3513,,https://merrittproducts.com/wp-content/uploads/2019/01/3513d2-232x300.png
3511,https://merrittproducts.com/wp-content/uploads/2019/01/hose_base.png,
3512,https://merrittproducts.com/wp-content/uploads/2019/01/hose_stack2.png,
3502,https://merrittproducts.com/wp-content/uploads/2019/01/hose_kit-300x300.png,
3518,https://merrittproducts.com/wp-content/uploads/2019/01/fhand.png,https://merrittproducts.com/wp-content/uploads/2019/01/sb_fold_handle-400x211.png
3524,,https://merrittproducts.com/wp-content/uploads/2019/01/sb_fold_handle-400x211.png
3525,,https://merrittproducts.com/wp-content/uploads/2019/01/sb_fold_handle-400x211.png
3530,https://merrittproducts.com/wp-content/uploads/2019/01/connection_dia.png,
3532,https://merrittproducts.com/wp-content/uploads/2019/01/connection_smooth.png,
3533,https://merrittproducts.com/wp-content/uploads/2019/01/connection_dia.png,
3526,https://merrittproducts.com/wp-content/uploads/2019/01/pb_style_steps.png,
3527,https://merrittproducts.com/wp-content/uploads/2019/01/pb_style_steps.png,
3528,https://merrittproducts.com/wp-content/uploads/2019/01/pb_style_steps.png,
3520,https://merrittproducts.com/wp-content/uploads/2019/01/pb_style_steps.png,
5202,,https://merrittproducts.com/wp-content/uploads/2019/01/deepdrop2-300x300.png
5212,,https://merrittproducts.com/wp-content/uploads/2019/01/deepdrop2-300x300.png
5222,,https://merrittproducts.com/wp-content/uploads/2019/01/deepdrop1-300x300.png
5232,,https://merrittproducts.com/wp-content/uploads/2019/01/deepdrop1-300x300.png
141-1,https://merrittproducts.com/wp-content/uploads/2019/01/singlebracket.png,
141-2,https://merrittproducts.com/wp-content/uploads/2019/01/toprack.png,
3521,https://merrittproducts.com/wp-content/uploads/2019/01/3521-1.png,https://merrittproducts.com/wp-content/uploads/2019/01/3521-275x300.png
201,https://merrittproducts.com/wp-content/uploads/2018/12/sm_single.png,https://merrittproducts.com/wp-content/uploads/2018/12/PRODUCTS_Tool-Box-Dimensions.png
5167,,https://www.merrittproducts.com/images/stories/m_zz_hd/pic3.jpg
3983,https://merrittproducts.com/wp-content/uploads/2019/01/bawer2-1.png,
3984,https://merrittproducts.com/wp-content/uploads/2019/01/bawer2-1.png,
3985,https://merrittproducts.com/wp-content/uploads/2019/01/bawer1-1.png,
3986,https://merrittproducts.com/wp-content/uploads/2019/01/bawer2-1.png,
3987,https://merrittproducts.com/wp-content/uploads/2019/01/bawer2-1.png,
3988,https://merrittproducts.com/wp-content/uploads/2019/01/bawer2-1.png,
3989,https://merrittproducts.com/wp-content/uploads/2019/01/bawer1-1.png,
3990,https://merrittproducts.com/wp-content/uploads/2019/01/bawer2-1.png,
3991,https://merrittproducts.com/wp-content/uploads/2019/01/bawer2-1.png,
3992,https://merrittproducts.com/wp-content/uploads/2019/01/bawer2-1.png,
3981,https://merrittproducts.com/wp-content/uploads/2019/01/bawer1-1.png,
3980,https://merrittproducts.com/wp-content/uploads/2019/01/bawer1-1.png,
3982,https://merrittproducts.com/wp-content/uploads/2019/01/bawer1-1.png,
3700,https://www.ds-sewing.com/images/truck_acc_images/merrit_3700.jpg,https://merrittproducts.com/wp-content/uploads/2019/01/northen_gend1.png
437,https://merrittproducts.com/wp-content/uploads/2019/01/topmount-300x300.png,
446,https://merrittproducts.com/wp-content/uploads/2019/01/flushmount-300x300.png,
447,https://merrittproducts.com/wp-content/uploads/2019/01/flushmount-300x300.png,
448,https://merrittproducts.com/wp-content/uploads/2019/01/flushmount-300x300.png,
438,https://merrittproducts.com/wp-content/uploads/2019/01/topmount-300x300.png,
390-40,https://merrittproducts.com/wp-content/uploads/2019/01/390.png,
390-41,https://merrittproducts.com/wp-content/uploads/2019/01/390.png,
3570,https://merrittproducts.com/wp-content/uploads/2019/01/s-diamond-single-1.png,
3581,https://merrittproducts.com/wp-content/uploads/2019/01/s-smooth-double.png,
3582,https://merrittproducts.com/wp-content/uploads/2019/01/s-diamond-single-1.png,
3583,https://merrittproducts.com/wp-content/uploads/2019/01/s-smooth-single.png,
3585,https://merrittproducts.com/wp-content/uploads/2019/01/s-smooth-double.png,
3579,https://merrittproducts.com/wp-content/uploads/2019/01/s-smooth-single.png,
5345-2,https://merrittproducts.com/wp-content/uploads/2019/01/5345.png,https://merrittproducts.com/wp-content/uploads/2019/01/5344-300x143.png
5346-2,https://merrittproducts.com/wp-content/uploads/2019/01/5345.png,https://merrittproducts.com/wp-content/uploads/2019/01/5340-300x143.png
5347-2,https://merrittproducts.com/wp-content/uploads/2019/01/5347.png,https://merrittproducts.com/wp-content/uploads/2019/01/5343-300x143.png
3601,https://merrittproducts.com/wp-content/uploads/2019/01/s-smooth-single.png,
3603,https://merrittproducts.com/wp-content/uploads/2019/01/s-smooth-double.png,
3607,https://merrittproducts.com/wp-content/uploads/2019/01/s-smooth-double.png,
3605,https://merrittproducts.com/wp-content/uploads/2019/01/s-smooth-single.png,
3588,https://merrittproducts.com/wp-content/uploads/2019/01/s-diamond-single-1.png,
3608,https://merrittproducts.com/wp-content/uploads/2019/01/s-diamond-single-1.png,
3614,https://merrittproducts.com/wp-content/uploads/2019/01/s-diamond-single-1.png,
3590,https://merrittproducts.com/wp-content/uploads/2019/01/s-diamond-single-1.png,
3592,https://merrittproducts.com/wp-content/uploads/2019/01/s-diamond-single-1.png,
3594,https://merrittproducts.com/wp-content/uploads/2019/01/s-diamond-single-1.png,
3600,https://merrittproducts.com/wp-content/uploads/2019/01/s-diamond-single-1.png,
3604,https://merrittproducts.com/wp-content/uploads/2019/01/s-diamond-single-1.png,
3573,https://merrittproducts.com/wp-content/uploads/2019/01/s-smooth-single.png,
3572,https://merrittproducts.com/wp-content/uploads/2019/01/s-diamond-single-1.png,
3574,https://merrittproducts.com/wp-content/uploads/2019/01/s-diamond-single-1.png,
3575,https://merrittproducts.com/wp-content/uploads/2019/01/s-smooth-single.png,
3576,https://merrittproducts.com/wp-content/uploads/2019/01/s-diamond-single-1.png,
3577,https://merrittproducts.com/wp-content/uploads/2019/01/s-smooth-single.png,
3587,https://merrittproducts.com/wp-content/uploads/2019/01/s-smooth-single.png,
3589,https://merrittproducts.com/wp-content/uploads/2019/01/s-smooth-double.png,
3613,https://merrittproducts.com/wp-content/uploads/2019/01/s-smooth-double.png,
3609,https://merrittproducts.com/wp-content/uploads/2019/01/s-smooth-single.png,
3615,https://merrittproducts.com/wp-content/uploads/2019/01/s-smooth-single.png,
3617,https://merrittproducts.com/wp-content/uploads/2019/01/s-smooth-double.png,
3593,https://merrittproducts.com/wp-content/uploads/2019/01/s-smooth-single.png,
3595,https://merrittproducts.com/wp-content/uploads/2019/01/s-smooth-single.png,
3597,https://merrittproducts.com/wp-content/uploads/2019/01/s-smooth-single.png,
3599,https://merrittproducts.com/wp-content/uploads/2019/01/s-smooth-double.png,
5549,,https://merrittproducts.com/wp-content/uploads/2019/01/rolled9-300x173.png
5540,,https://merrittproducts.com/wp-content/uploads/2019/01/rolled6-300x152.png
5541,,https://merrittproducts.com/wp-content/uploads/2019/01/rolled1-300x127.png
5542,,https://merrittproducts.com/wp-content/uploads/2019/01/rolled2-300x136.png
5543,,https://merrittproducts.com/wp-content/uploads/2019/01/rolled3-300x143.png
5544,,https://merrittproducts.com/wp-content/uploads/2019/01/rolled7-300x254.png
5546,,https://merrittproducts.com/wp-content/uploads/2019/01/deepdrop4-300x165.png
5547,,https://merrittproducts.com/wp-content/uploads/2019/01/deepdrop2-300x300.png
5548,,https://merrittproducts.com/wp-content/uploads/2019/01/deepdrop5-300x223.png
4901,https://merrittproducts.com/wp-content/uploads/2019/02/BlackDog1.png,
4902,https://merrittproducts.com/wp-content/uploads/2019/02/BlackDog1.png,
4903,https://merrittproducts.com/wp-content/uploads/2019/02/BlackDog1.png,
4904,https://merrittproducts.com/wp-content/uploads/2019/02/BlackDog1.png,
4905,https://merrittproducts.com/wp-content/uploads/2019/02/BlackDog1.png,
4906,https://merrittproducts.com/wp-content/uploads/2019/02/BlackDog1.png,
4907,https://merrittproducts.com/wp-content/uploads/2019/02/BlackDog1.png,
4908,https://merrittproducts.com/wp-content/uploads/2019/02/BlackDog1.png,
4909,https://merrittproducts.com/wp-content/uploads/2019/02/BlackDog1.png,
4925,https://merrittproducts.com/wp-content/uploads/2019/02/platformA-B.png,
4926,https://merrittproducts.com/wp-content/uploads/2019/02/platformA-B.png,
4927,https://merrittproducts.com/wp-content/uploads/2019/02/platformA-B.png,
4928,https://merrittproducts.com/wp-content/uploads/2019/02/platformA-B.png,
4900,https://merrittproducts.com/wp-content/uploads/2019/02/BlackDog1.png,
4916,https://merrittproducts.com/wp-content/uploads/2019/02/Komp11.png,
4915,https://merrittproducts.com/wp-content/uploads/2019/02/Komp11.png,
4917,https://merrittproducts.com/wp-content/uploads/2019/02/4917.png,
4918,https://merrittproducts.com/wp-content/uploads/2019/02/4918.png,
4919,https://merrittproducts.com/wp-content/uploads/2019/02/4919.png,
4923,https://merrittproducts.com/wp-content/uploads/2019/02/4923.png,
4924,https://merrittproducts.com/wp-content/uploads/2019/02/4924.png,
1471,https://merrittproducts.com/wp-content/uploads/2019/01/chainrack.png,
4870,https://merrittproducts.com/wp-content/uploads/2019/01/4870.png,
4871,https://merrittproducts.com/wp-content/uploads/2019/01/4870.png,
3430,https://merrittproducts.com/wp-content/uploads/2019/01/3430.png,
3701,,https://merrittproducts.com/wp-content/uploads/2019/01/northen_gend1.png
3702,,https://merrittproducts.com/wp-content/uploads/2019/01/northen_gend1.png
3710,,https://merrittproducts.com/wp-content/uploads/2019/01/northen_gend1.png
3711,,https://merrittproducts.com/wp-content/uploads/2019/01/northen_gend1.png
3712,,https://merrittproducts.com/wp-content/uploads/2019/01/northen_gend1.png
4929,https://merrittproducts.com/wp-content/uploads/2019/02/platformA-B.png,
